Main_Webpage,Count
ieeexplore.ieee.org,84
arxiv.org,41
www.sciencedirect.com,40
link.springer.com,22
pubmed.ncbi.nlm.nih.gov,18
dl.acm.org,13
www.mdpi.com,8
openaccess.thecvf.com,6
www.ncbi.nlm.nih.gov,4
www.researchgate.net,4
www.tandfonline.com,2
paperswithcode.com,2
www.computer.org,1
onlinelibrary.wiley.com,1
kdef.se,1
citeseerx.ist.psu.edu,1
mug.ee.auth.gr,1
www.cs.cmu.edu,1
proceedings.mlr.press,1
academic.oup.com,1
www.utpjournals.press,1
github.com,1
ietresearch.onlinelibrary.wiley.com,1
www.cedus.it,1
www.nature.com,1
iopscience.iop.org,1
journals.sagepub.com,1
journals.plos.org,1
www.cs.toronto.edu,1
